total_trips,share_morning,share_evening
983648,0.32707838576401316,0.34636069000292785
